area,bedrooms,bathrooms,floors,parking,age,location,price
1360,2,4,1,4.0,47,Mumbai,9045000
4272,3,3,1,4.0,2,Bangalore,20978000
3592,6,2,2,2.0,25,Delhi,17847000
966,5,2,4,2.0,7,Kolkata,5814000
4926,5,3,1,1.0,5,Bangalore,22353000
3944,6,1,2,1.0,15,Delhi,18444000
3671,1,2,4,4.0,23,Bangalore,17712000
3419,1,5,3,2.0,47,Mumbai,20532000
630,3,3,3,0.0,38,Chennai,2567000
2185,4,3,2,3.0,29,Bangalore,11026000
1269,2,2,3,2.0,44,Mumbai,7848000
2891,1,1,1,2.0,12,Pune,11227000
2933,5,5,4,1.0,4,Delhi,17097000
1684,3,1,1,3.0,24,Hyderabad,7056000
3885,2,4,1,4.0,19,Kolkata,14226000
4617,3,4,3,2.0,17,Hyderabad,18278000
3404,2,2,1,4.0,46,Delhi,15495000
974,2,2,3,2.0,17,Chennai,5375000
1582,6,2,4,4.0,1,Bangalore,11605000
3058,1,4,4,3.0,9,Chennai,14908000
2547,3,1,1,1.0,44,Hyderabad,8171000
3247,3,1,2,3.0,49,Kolkata,10509000
1475,6,2,3,0.0,46,Mumbai,8556000
2306,5,5,3,1.0,11,Kolkata,9821000
689,5,1,1,3.0,46,Delhi,3617000
3234,1,4,3,0.0,12,Delhi,16168000
3505,1,3,3,2.0,49,Chennai,12570000
2399,4,3,2,2.0,46,Mumbai,14614000
1767,6,3,2,4.0,10,Chennai,9964000
2028,5,5,1,1.0,18,Bangalore,10160000
3702,2,2,2,2.0,34,Pune,13826000
4056,3,4,1,1.0,38,Mumbai,23784000
4390,1,5,4,2.0,25,Pune,17812000
1146,3,4,1,4.0,45,Kolkata,4673000
3388,3,4,4,3.0,13,Bangalore,17122000
2935,4,2,1,4.0,44,Pune,10541000
1100,5,3,3,0.0,43,Hyderabad,4361000
2863,1,2,2,2.0,23,Kolkata,10077000
2561,3,5,4,0.0,40,Pune,10038000
741,1,5,1,0.0,0,Bangalore,5171000
2541,2,5,2,1.0,50,Pune,8863000
3324,4,2,1,2.0,42,Delhi,14887000
3112,2,4,2,0.0,21,Chennai,12377000
1863,1,4,2,3.0,22,Hyderabad,8453000
1978,1,1,1,0.0,18,Delhi,8808000
3056,5,5,4,3.0,17,Delhi,17888000
1275,3,4,4,1.0,11,Bangalore,7996000
4514,3,1,3,0.0,27,Chennai,16759000
534,2,4,2,4.0,27,Chennai,4694000
3652,4,5,3,1.0,32,Mumbai,22829000
2455,6,3,3,3.0,18,Kolkata,10241000
2085,3,5,1,1.0,27,Hyderabad,8906000
4443,5,2,1,0.0,48,Kolkata,13564000
3573,2,4,1,2.0,36,Bangalore,15273000
1521,2,4,2,2.0,25,Hyderabad,6904000
3961,6,2,1,3.0,34,Mumbai,24137000
3113,5,2,1,3.0,33,Pune,12143000
4343,4,3,2,2.0,34,Delhi,20438000
2000,5,4,2,3.0,39,Hyderabad,8840000
661,4,4,4,1.0,15,Kolkata,3978000
4797,5,3,1,4.0,37,Delhi,23255000
2481,5,1,1,4.0,12,Bangalore,12954000
1495,1,3,1,1.0,22,Kolkata,5207000
3842,2,5,4,4.0,21,Pune,17014000
4298,5,4,1,0.0,15,Bangalore,18958000
1775,6,2,4,1.0,27,Pune,7846000
1516,5,5,3,3.0,47,Pune,7026000
837,3,4,4,1.0,34,Delhi,5332000
1378,2,3,3,2.0,44,Bangalore,6505000
1576,3,5,1,3.0,45,Bangalore,7681000
4493,2,4,3,2.0,7,Hyderabad,18729000
879,3,1,4,3.0,43,Kolkata,4015000
992,5,1,2,4.0,21,Bangalore,6783000
2562,5,2,3,1.0,20,Hyderabad,10683000
4384,1,4,3,0.0,25,Chennai,16842000
564,6,1,1,3.0,39,Chennai,3094000
3068,3,3,4,3.0,20,Chennai,14126000
2527,4,4,3,2.0,24,Mumbai,17419000
3195,1,3,3,4.0,40,Bangalore,15002000
1995,3,3,3,2.0,0,Mumbai,16088000
891,3,1,3,2.0,5,Kolkata,4478000
4974,1,4,2,4.0,22,Bangalore,22575000
4061,5,5,4,0.0,50,Hyderabad,15026000
2778,3,1,1,2.0,22,Mumbai,17005000
3599,5,1,1,2.0,42,Mumbai,20614000
700,1,4,2,3.0,42,Kolkata,3170000
3604,5,4,4,4.0,22,Mumbai,25947000
2954,2,3,3,1.0,31,Pune,10972000
4145,4,4,2,0.0,29,Hyderabad,15498000
1304,3,3,4,0.0,12,Chennai,6720000
3231,6,1,3,4.0,42,Hyderabad,12899000
3273,4,2,2,3.0,17,Pune,13207000
2070,5,5,4,3.0,22,Kolkata,9596000
3190,3,1,1,4.0,14,Kolkata,11911000
4340,5,4,1,3.0,32,Bangalore,19124000
1528,2,5,4,0.0,20,Hyderabad,7203000
1002,1,2,1,0.0,38,Kolkata,2503000
4993,3,2,4,1.0,22,Mumbai,30318000
1370,2,3,3,4.0,26,Kolkata,6552000
4988,2,5,4,2.0,44,Kolkata,17092000
706,3,3,3,2.0,43,Kolkata,3163000
1984,5,1,2,1.0,17,Kolkata,7495000
1363,6,5,4,1.0,23,Chennai,7993000
3290,2,1,2,3.0,50,Chennai,12450000
1063,4,3,1,1.0,46,Bangalore,4340000
4691,2,5,3,1.0,39,Kolkata,15643000
2257,6,3,4,2.0,50,Hyderabad,9138000
2178,5,5,2,3.0,41,Pune,9312000
3742,5,3,3,1.0,6,Bangalore,18009000
1559,4,2,3,1.0,49,Hyderabad,5982000
2222,2,3,1,3.0,47,Kolkata,7301000
3814,5,2,1,4.0,19,Delhi,19667000
3657,6,3,3,3.0,26,Kolkata,13653000
3125,3,5,3,2.0,5,Chennai,14867000
3229,1,5,4,4.0,26,Pune,14646000
2097,1,5,3,0.0,8,Mumbai,15019000
3560,1,4,4,3.0,44,Pune,13637000
3193,2,1,3,,30,Mumbai,19463000
4127,4,5,1,4.0,20,Pune,17449000
1863,5,2,4,3.0,25,Chennai,9541000
2481,3,5,2,1.0,39,Mumbai,15572000
2163,6,4,1,3.0,47,Hyderabad,8647000
2029,3,2,4,0.0,44,Mumbai,11650000
2538,6,4,4,3.0,12,Bangalore,14817000
3802,2,2,2,4.0,48,Hyderabad,14402000
2737,1,3,4,4.0,22,Bangalore,14270000
1806,2,1,3,3.0,19,Kolkata,7084000
4529,4,1,2,4.0,36,Pune,17021000
3175,4,4,1,1.0,27,Hyderabad,12226000
1782,6,1,1,3.0,16,Pune,8212000
1209,5,4,3,1.0,27,Kolkata,5435000
4913,5,4,1,1.0,40,Delhi,22106000
4248,6,4,4,2.0,1,Pune,18832000
1163,4,1,4,3.0,24,Kolkata,5644000
2498,4,4,3,4.0,49,Pune,10710000
3945,4,1,1,1.0,40,Kolkata,12350000
4243,2,4,1,2.0,5,Bangalore,19511000
1995,4,5,3,3.0,10,Kolkata,9312000
3804,3,4,2,3.0,37,Mumbai,24115000
4263,1,2,1,0.0,5,Delhi,19368000
2353,4,4,2,0.0,44,Pune,8338000
1791,6,3,1,1.0,10,Kolkata,7660000
4081,1,4,1,0.0,13,Kolkata,13497000
3957,2,2,1,1.0,1,Pune,15280000
2136,6,2,1,4.0,39,Delhi,11173000
4196,1,1,4,1.0,2,Delhi,20299000
3499,6,5,2,0.0,34,Kolkata,12089000
3652,2,4,2,4.0,32,Hyderabad,14589000
1198,3,1,1,0.0,23,Bangalore,4845000
2660,2,5,1,1.0,18,Delhi,13714000
4597,2,4,2,2.0,17,Delhi,21977000
1354,6,3,4,3.0,48,Chennai,6859000
3974,5,4,3,0.0,23,Mumbai,24951000
2207,4,2,3,1.0,44,Delhi,9635000
3277,4,2,2,4.0,34,Bangalore,15559000
2233,3,3,1,0.0,0,Mumbai,15000000
4010,3,1,1,0.0,35,Mumbai,21807000
702,4,5,4,3.0,24,Pune,5486000
3755,5,4,3,1.0,44,Pune,14102000
4718,4,2,4,2.0,48,Pune,17413000
4996,5,1,3,4.0,42,Pune,19631000
1266,3,3,2,1.0,33,Chennai,5733000
4889,1,2,3,4.0,24,Delhi,24010000
2827,6,3,4,0.0,15,Pune,12133000
3431,3,4,4,3.0,33,Kolkata,13095000
697,3,5,4,3.0,28,Hyderabad,5877000
2430,2,2,2,2.0,18,Pune,9991000
4082,2,2,3,3.0,22,Delhi,20258000
1108,2,4,3,0.0,18,Pune,5183000
3772,6,1,4,2.0,24,Chennai,16094000
1647,2,5,3,1.0,15,Bangalore,8984000
4782,5,2,1,3.0,50,Bangalore,19947000
3897,4,5,1,2.0,8,Delhi,19929000
3011,1,2,1,0.0,0,Kolkata,10275000
2294,3,5,3,4.0,41,Bangalore,12125000
1159,5,3,2,4.0,18,Bangalore,8081000
3311,1,2,2,0.0,32,Hyderabad,11283000
1869,5,5,2,0.0,33,Delhi,9513000
2486,5,1,2,4.0,15,Kolkata,10362000
646,3,3,1,2.0,43,Delhi,2980000
3719,4,3,1,4.0,39,Bangalore,16387000
3411,2,1,4,0.0,17,Bangalore,14630000
2234,6,5,3,3.0,33,Bangalore,12169000
2343,4,4,3,1.0,24,Mumbai,15694000
988,6,1,2,3.0,44,Chennai,4888000
3476,3,5,1,3.0,5,Pune,14910000
2459,3,1,2,0.0,20,Chennai,9513000
2885,3,1,4,4.0,5,Delhi,16571000
3419,1,2,3,2.0,31,Hyderabad,12905000
2302,6,5,3,3.0,40,Pune,10106000
4561,4,4,2,4.0,47,Hyderabad,17899000
3869,4,2,4,2.0,42,Kolkata,13036000
762,5,1,3,3.0,38,Mumbai,6225000
1123,5,1,4,2.0,30,Delhi,7570000
1516,5,1,4,4.0,41,Mumbai,11756000
4143,3,5,2,1.0,9,Delhi,21235000
2549,4,5,1,4.0,29,Hyderabad,11481000
4223,6,2,2,0.0,17,Hyderabad,15902000
3608,3,4,1,2.0,23,Hyderabad,13816000
4590,1,2,4,1.0,8,Delhi,22369000
2556,5,3,1,2.0,30,Bangalore,11481000
3670,3,1,4,2.0,14,Hyderabad,14685000
2182,3,1,3,3.0,3,Mumbai,16087000
2755,1,1,3,0.0,39,Kolkata,8297000
1654,2,2,3,2.0,8,Pune,8322000
4999,4,2,2,4.0,44,Delhi,23660000
3691,6,1,2,4.0,8,Mumbai,25427000
2196,2,2,4,3.0,25,Chennai,10239000
4491,5,5,3,0.0,3,Kolkata,15873000
2148,3,5,2,0.0,16,Chennai,9447000
1945,1,2,3,4.0,15,Pune,8926000
4699,1,1,2,1.0,14,Bangalore,19833000
4423,4,2,1,3.0,34,Hyderabad,16486000
753,2,2,1,3.0,4,Delhi,5727000
3683,4,2,3,4.0,4,Mumbai,26125000
3057,3,3,4,4.0,19,Hyderabad,13870000
598,4,5,2,1.0,14,Mumbai,7280000
2700,6,4,2,1.0,17,Delhi,14653000
3461,1,4,1,0.0,46,Chennai,12122000
4933,1,3,1,3.0,1,Hyderabad,19384000
4277,5,2,4,3.0,28,Pune,17091000
3369,5,3,4,4.0,12,Bangalore,18034000
3734,3,3,4,0.0,3,Pune,15284000
4291,6,1,3,3.0,41,Bangalore,18949000
1456,2,5,1,0.0,44,Kolkata,4714000
4567,4,4,3,0.0,9,Mumbai,28549000
660,3,2,1,4.0,30,Hyderabad,4159000
4993,5,4,1,0.0,40,Hyderabad,17968000
1800,4,4,2,1.0,7,Kolkata,7213000
4487,5,5,1,1.0,2,Bangalore,21650000
2027,4,4,1,2.0,47,Chennai,8144000
1718,2,4,3,4.0,45,Delhi,9615000
4996,3,3,1,2.0,8,Pune,19556000
3604,4,5,3,1.0,29,Kolkata,12769000
3235,6,1,4,2.0,10,Mumbai,22573000
1454,1,2,1,4.0,34,Kolkata,5300000
3946,6,4,1,4.0,36,Pune,16496000
1545,6,2,3,0.0,41,Pune,5878000
2193,1,1,4,3.0,12,Mumbai,16059000
3936,6,2,2,0.0,35,Mumbai,22525000
1062,4,1,4,4.0,12,Hyderabad,7031000
2985,4,3,3,1.0,11,Pune,12599000
3854,4,4,4,1.0,36,Delhi,18483000
725,1,1,3,0.0,9,Delhi,4231000
1459,6,2,3,4.0,8,Bangalore,10426000
3567,1,4,2,1.0,6,Kolkata,13143000
1315,4,3,1,4.0,1,Mumbai,12397000
3620,6,4,3,1.0,22,Hyderabad,14413000
516,6,1,3,4.0,38,Delhi,4474000
1743,5,3,2,2.0,39,Chennai,7256000
2705,5,2,3,4.0,38,Hyderabad,11046000
3024,2,3,1,4.0,20,Hyderabad,12830000
1569,3,3,2,0.0,22,Delhi,7892000
3944,5,5,1,2.0,28,Chennai,16875000
3065,1,3,1,3.0,13,Bangalore,14174000
1560,5,3,2,0.0,25,Delhi,8043000
2827,2,4,3,3.0,50,Chennai,11248000
3920,6,2,1,1.0,4,Hyderabad,15491000
801,2,4,1,3.0,30,Chennai,4411000
4776,6,4,1,4.0,24,Hyderabad,19342000
1106,6,1,1,3.0,30,Kolkata,4667000
3670,3,4,2,0.0,49,Delhi,16105000
1199,5,5,2,0.0,19,Mumbai,9723000
1639,1,5,4,3.0,43,Delhi,9310000
690,1,1,4,0.0,16,Kolkata,2958000
2800,4,2,1,0.0,44,Pune,9419000
1480,6,2,3,3.0,1,Pune,8894000
3475,1,4,1,2.0,24,Pune,13167000
1684,3,4,3,2.0,12,Delhi,10807000
3827,6,4,1,1.0,38,Bangalore,16510000
3894,3,2,4,0.0,27,Delhi,17939000
627,1,3,4,3.0,41,Kolkata,3485000
2565,1,5,3,0.0,5,Kolkata,9985000
2316,4,3,1,4.0,2,Mumbai,17590000
1069,1,3,3,0.0,34,Chennai,4139000
2395,6,2,4,0.0,17,Delhi,12782000
3233,6,3,1,2.0,10,Delhi,16868000
4363,6,1,1,3.0,19,Hyderabad,17373000
4514,4,4,3,0.0,4,Kolkata,16623000
3401,4,1,2,2.0,18,Hyderabad,13248000
2186,1,5,3,1.0,21,Hyderabad,9283000
3509,2,4,4,2.0,18,Delhi,18432000
654,2,3,4,2.0,46,Bangalore,3709000
3037,4,5,4,2.0,15,Chennai,14347000
1909,1,4,4,0.0,23,Chennai,7469000
4557,2,3,4,0.0,40,Kolkata,15198000
1284,1,1,2,1.0,3,Mumbai,9215000
3675,1,4,1,4.0,14,Kolkata,13710000
4841,1,3,3,4.0,24,Bangalore,22234000
3306,5,1,3,4.0,43,Bangalore,15086000
1037,6,5,4,1.0,34,Chennai,6034000
2341,1,5,3,4.0,13,Pune,11257000
2955,5,5,4,4.0,48,Hyderabad,12523000
1024,4,5,2,2.0,18,Hyderabad,5685000
3450,2,2,2,0.0,37,Chennai,12121000
4631,6,4,1,0.0,35,Kolkata,15313000
4615,2,4,2,2.0,6,Bangalore,21551000
2868,6,2,2,2.0,29,Kolkata,10159000
4347,2,3,1,2.0,18,Mumbai,25821000
4995,6,3,3,0.0,48,Pune,17875000
3201,2,5,4,4.0,24,Chennai,15092000
1471,2,1,4,2.0,15,Hyderabad,6912000
1666,2,3,3,1.0,46,Delhi,7878000
3274,2,1,1,2.0,39,Kolkata,10253000
2482,4,4,3,3.0,50,Bangalore,11413000
1353,1,1,2,2.0,7,Delhi,7474000
4646,3,4,1,0.0,17,Mumbai,27528000
4236,5,2,1,2.0,27,Chennai,16532000
4269,3,2,1,3.0,15,Kolkata,15027000
1074,3,5,4,1.0,18,Hyderabad,6506000
3761,6,3,3,4.0,41,Kolkata,13577000
1648,1,5,1,2.0,16,Pune,7570000
2215,6,4,1,3.0,44,Delhi,11694000
4354,1,5,1,3.0,12,Pune,17577000
2991,1,1,3,1.0,6,Mumbai,19218000
3160,2,4,4,0.0,26,Hyderabad,12318000
3624,4,2,2,2.0,9,Delhi,18516000
3551,2,3,4,3.0,33,Mumbai,23140000
504,4,4,1,1.0,35,Pune,2346000
1376,6,4,4,4.0,24,Pune,8934000
1491,4,1,4,3.0,5,Delhi,10449000
4642,6,3,2,1.0,23,Hyderabad,18188000
4864,3,2,3,0.0,17,Pune,18377000
4965,3,4,3,0.0,22,Chennai,19756000
1135,4,4,4,3.0,5,Mumbai,12742000
2193,4,1,4,3.0,28,Delhi,12129000
2182,6,5,3,2.0,24,Bangalore,11786000
619,2,2,3,1.0,16,Bangalore,4082000
1330,6,3,2,3.0,45,Hyderabad,5828000
4175,2,4,1,2.0,23,Chennai,16251000
1869,3,4,4,2.0,10,Pune,9328000
1240,1,2,3,3.0,25,Bangalore,6878000
616,4,5,4,0.0,50,Hyderabad,3221000
3338,2,4,4,1.0,33,Mumbai,20743000
1650,6,2,3,,27,Chennai,7876000
2431,3,1,2,0.0,2,Chennai,9902000
1512,2,5,4,3.0,10,Kolkata,7683000
2164,6,3,2,1.0,37,Hyderabad,8921000
1581,4,4,3,3.0,13,Hyderabad,8660000
1012,4,2,1,3.0,50,Kolkata,3459000
3349,5,1,1,2.0,25,Pune,12755000
1059,1,3,4,0.0,47,Hyderabad,3390000
4172,5,2,3,3.0,20,Kolkata,15264000
3843,3,2,2,4.0,38,Pune,14891000
4570,2,3,4,0.0,29,Pune,17248000
1970,3,1,3,1.0,7,Delhi,10307000
1080,6,1,3,2.0,50,Chennai,5040000
2794,4,5,2,1.0,19,Mumbai,18807000
3647,5,4,4,1.0,47,Chennai,14422000
4749,5,3,3,0.0,31,Chennai,18185000
2179,5,3,3,1.0,21,Delhi,11920000
4006,3,3,3,3.0,6,Pune,16714000
3244,4,1,2,1.0,8,Pune,12704000
3856,2,4,4,2.0,44,Hyderabad,14754000
4545,6,5,4,2.0,0,Delhi,25358000
1743,2,2,4,4.0,28,Hyderabad,8695000
3618,3,2,4,,7,Delhi,18962000
2641,6,3,1,1.0,3,Hyderabad,11405000
3559,5,4,1,2.0,34,Bangalore,15444000
3459,1,1,4,0.0,2,Kolkata,11745000
2765,3,4,2,2.0,44,Chennai,10768000
2979,3,4,1,3.0,39,Chennai,12483000
2135,4,1,3,0.0,6,Mumbai,14519000
2257,2,3,1,4.0,26,Kolkata,8807000
4952,3,4,3,3.0,0,Pune,20518000
2570,3,2,4,1.0,26,Mumbai,16422000
3349,5,1,1,1.0,15,Bangalore,14444000
3751,5,5,2,1.0,37,Mumbai,23100000
4230,6,3,1,3.0,6,Chennai,18512000
2989,1,1,1,3.0,43,Pune,10176000
2131,4,5,1,3.0,22,Bangalore,11379000
3316,1,5,4,0.0,40,Chennai,13084000
1515,6,4,2,0.0,10,Kolkata,6435000
1848,5,4,1,1.0,41,Hyderabad,7149000
3587,2,4,2,2.0,32,Delhi,17549000
3339,5,1,4,1.0,49,Bangalore,14251000
835,4,1,3,4.0,35,Pune,4820000
1395,5,3,1,0.0,36,Mumbai,8215000
4046,4,4,2,3.0,40,Kolkata,14125000
1351,4,5,2,0.0,16,Mumbai,10591000
2187,4,2,4,3.0,34,Bangalore,10801000
2431,6,3,1,4.0,47,Kolkata,9178000
4246,4,1,3,4.0,4,Pune,17959000
2927,4,3,2,0.0,47,Bangalore,11964000
2068,2,3,1,3.0,31,Pune,8540000
4500,1,3,3,4.0,2,Mumbai,30479000
3238,3,3,2,1.0,46,Chennai,11977000
3998,1,2,2,1.0,34,Kolkata,12833000
4413,4,4,3,3.0,13,Hyderabad,18680000
1566,2,5,3,0.0,47,Chennai,6007000
4880,5,3,4,4.0,30,Hyderabad,20053000
2944,2,3,1,0.0,30,Mumbai,16710000
4607,4,3,1,1.0,16,Kolkata,15368000
3873,2,4,4,4.0,23,Chennai,17633000
4469,2,1,2,0.0,22,Chennai,16722000
3046,4,1,3,2.0,17,Bangalore,14610000
1253,6,2,3,3.0,49,Delhi,6922000
2582,2,1,3,3.0,13,Mumbai,17765000
3274,3,3,2,2.0,49,Pune,11905000
3396,3,3,3,1.0,14,Mumbai,22194000
4685,2,3,3,4.0,14,Pune,19425000
1275,6,2,4,3.0,5,Kolkata,6924000
2125,5,3,2,2.0,26,Pune,9240000
3569,4,1,1,2.0,14,Hyderabad,14313000
917,3,4,4,1.0,49,Pune,4207000
614,5,4,4,1.0,35,Pune,4334000
1116,2,5,1,0.0,7,Bangalore,6518000
4474,5,1,4,3.0,14,Chennai,19691000
3767,1,3,2,0.0,2,Mumbai,23429000
1325,3,4,3,2.0,46,Mumbai,9278000
2016,2,1,2,4.0,12,Kolkata,8403000
3646,4,4,1,4.0,40,Kolkata,13016000
912,6,3,1,1.0,33,Pune,4243000
1228,2,4,4,4.0,23,Delhi,9073000
3848,4,5,2,4.0,39,Mumbai,25692000
3308,6,5,2,4.0,31,Kolkata,12848000
1175,6,4,1,2.0,31,Pune,5920000
3965,2,1,2,4.0,29,Kolkata,14135000
3004,5,1,1,4.0,48,Hyderabad,11210000
3467,5,1,2,4.0,12,Hyderabad,14516000
3286,6,4,2,0.0,0,Kolkata,12890000
1622,5,1,2,2.0,33,Hyderabad,6643000
4579,1,3,1,1.0,14,Kolkata,15500000
2071,6,5,4,0.0,43,Pune,8636000
2643,6,3,2,3.0,13,Bangalore,14366000
2187,4,1,1,2.0,28,Delhi,9901000
4632,5,3,1,2.0,33,Pune,17421000
4351,6,1,2,3.0,17,Bangalore,20361000
3940,1,4,2,3.0,6,Bangalore,18967000
4266,4,3,4,3.0,28,Mumbai,27949000
2826,2,4,1,1.0,30,Pune,10432000
3414,6,4,1,4.0,24,Pune,14674000
4452,1,2,3,2.0,37,Kolkata,14222000
1095,3,1,1,4.0,13,Bangalore,6545000
1228,1,5,4,4.0,7,Bangalore,9214000
1865,1,1,3,3.0,26,Bangalore,9203000
4992,4,5,3,1.0,1,Kolkata,18376000
1198,2,1,3,0.0,16,Mumbai,7741000
895,3,4,2,1.0,36,Pune,3868000
4671,5,3,2,4.0,13,Bangalore,22196000
4860,5,3,1,1.0,24,Hyderabad,18197000
3002,1,2,3,3.0,29,Pune,12046000
2319,4,5,4,0.0,28,Kolkata,9122000
1217,4,5,2,3.0,19,Mumbai,11450000
3282,5,5,4,0.0,20,Hyderabad,13925000
4077,3,4,4,4.0,21,Kolkata,15735000
643,2,5,2,0.0,34,Chennai,2916000
3640,3,3,2,0.0,36,Pune,12702000
4991,6,4,2,0.0,15,Chennai,20036000
3438,6,1,2,1.0,49,Kolkata,10829000
4136,2,5,3,1.0,48,Kolkata,13470000
3722,5,5,3,4.0,42,Kolkata,14440000
1667,2,1,3,0.0,16,Bangalore,7540000
3116,4,5,3,2.0,15,Mumbai,22425000
1562,6,1,1,4.0,1,Bangalore,9886000
2656,1,4,3,0.0,3,Mumbai,17743000
3482,1,3,2,0.0,20,Delhi,15968000
3794,5,1,4,1.0,38,Bangalore,15876000
1656,4,2,3,4.0,33,Chennai,8354000
1232,3,1,1,0.0,29,Mumbai,6240000
4830,4,5,2,0.0,5,Bangalore,21721000
1453,1,4,4,4.0,16,Pune,8696000
3039,1,4,4,,38,Kolkata,11126000
3824,6,1,3,4.0,24,Mumbai,25777000
3801,4,3,4,4.0,4,Mumbai,27833000
2042,4,2,3,2.0,4,Bangalore,10923000
1691,1,4,3,4.0,19,Delhi,10792000
3493,3,5,2,0.0,15,Bangalore,15843000
3181,5,5,2,4.0,50,Chennai,13310000
1717,5,3,1,2.0,40,Chennai,7011000
2040,4,4,2,3.0,36,Mumbai,14135000
3736,5,1,2,4.0,39,Mumbai,23265000
2886,1,5,3,1.0,8,Bangalore,14940000
4219,1,3,2,0.0,4,Chennai,16886000
1888,4,4,3,0.0,41,Chennai,7658000
2356,4,4,3,1.0,1,Delhi,13814000
1865,6,4,2,1.0,8,Pune,9252000
999,4,4,1,4.0,42,Delhi,6115000
2180,3,4,1,1.0,35,Hyderabad,8679000
1010,5,5,4,3.0,21,Kolkata,6260000
4812,4,3,4,2.0,21,Delhi,23960000
1824,2,4,2,1.0,21,Bangalore,9142000
1655,6,2,1,1.0,33,Pune,6185000
2327,2,2,3,3.0,28,Bangalore,11432000
3641,1,3,4,0.0,37,Kolkata,12212000
3986,5,1,3,0.0,45,Hyderabad,13766000
2310,4,1,4,4.0,32,Pune,10808000
3423,2,1,2,3.0,17,Mumbai,21866000
2714,5,2,1,2.0,6,Chennai,12322000
4686,1,1,4,2.0,0,Delhi,23843000
1213,3,5,1,3.0,32,Bangalore,7314000
4102,6,4,3,2.0,0,Hyderabad,18022000
4634,5,2,2,0.0,23,Chennai,18085000
4022,5,3,1,2.0,3,Delhi,21027000
4768,3,3,2,2.0,3,Chennai,19820000
1743,5,4,1,3.0,17,Delhi,10299000
4209,1,2,3,3.0,26,Mumbai,26084000
1581,1,1,3,2.0,42,Pune,5305000
955,3,1,2,1.0,31,Chennai,3751000
1394,6,5,3,3.0,32,Chennai,8152000
1884,4,5,4,4.0,27,Chennai,10462000
2458,2,1,1,4.0,41,Pune,9173000
3572,4,3,3,0.0,40,Hyderabad,12702000
2496,5,3,4,2.0,35,Delhi,13523000
4785,2,5,2,1.0,5,Mumbai,30250000
1004,3,4,4,0.0,15,Chennai,5238000
1714,3,1,2,2.0,33,Kolkata,5901000
2031,6,5,2,3.0,22,Pune,10297000
3940,2,5,1,4.0,49,Hyderabad,15055000
1323,1,1,1,1.0,41,Delhi,4566000
1428,2,1,4,4.0,23,Pune,7338000
633,5,3,1,3.0,48,Mumbai,4998000
2605,1,4,1,2.0,12,Mumbai,17347000
4127,3,4,1,3.0,17,Delhi,20721000
2352,2,1,4,3.0,12,Chennai,11296000
4675,4,2,3,4.0,48,Mumbai,28049000
3433,6,5,1,1.0,36,Hyderabad,13022000
3784,4,5,1,3.0,42,Pune,14378000
4798,6,1,4,4.0,38,Hyderabad,19370000
3311,5,2,3,1.0,41,Chennai,13086000
1750,4,3,1,2.0,16,Hyderabad,7901000
4012,2,1,2,2.0,14,Hyderabad,14999000
1756,2,1,4,0.0,17,Bangalore,8387000
3876,4,5,1,4.0,22,Hyderabad,16673000
3986,2,1,1,1.0,50,Delhi,16332000
4084,5,1,2,3.0,29,Pune,15780000
1896,1,1,2,2.0,33,Bangalore,8152000
4137,5,5,4,1.0,3,Pune,18013000
3830,6,3,4,4.0,2,Pune,17997000
3203,5,3,2,0.0,6,Chennai,13918000
970,6,1,4,2.0,17,Chennai,6014000
1853,2,5,2,1.0,41,Bangalore,8104000
3283,1,3,1,1.0,6,Mumbai,20413000
3331,2,3,2,1.0,39,Kolkata,10892000
857,3,3,2,4.0,5,Chennai,6398000
3519,2,5,3,4.0,21,Kolkata,13692000
1167,6,5,2,4.0,0,Chennai,8856000
4968,2,1,2,3.0,3,Chennai,20860000
1645,2,4,3,1.0,45,Pune,6366000
4685,1,3,4,2.0,48,Bangalore,19639000
4219,2,4,3,4.0,49,Pune,16442000
3245,1,5,1,4.0,42,Delhi,15980000
1039,4,5,3,1.0,28,Pune,5043000
3279,3,5,1,4.0,20,Kolkata,12933000
4636,1,4,4,3.0,25,Kolkata,16888000
4275,6,5,3,3.0,13,Delhi,23288000
3008,4,1,3,4.0,8,Hyderabad,13784000
3279,1,5,4,1.0,46,Hyderabad,12710000
1424,1,2,1,1.0,11,Delhi,7498000
3456,3,4,3,1.0,41,Delhi,16039000
2081,6,2,1,0.0,50,Pune,6530000
3824,5,5,3,4.0,50,Delhi,19822000
4985,5,1,2,1.0,5,Bangalore,21637000
755,1,3,3,3.0,19,Hyderabad,4750000
2338,2,5,4,2.0,23,Hyderabad,10808000
2444,6,1,4,2.0,26,Mumbai,16417000
509,4,4,1,1.0,37,Delhi,3079000
3371,2,2,3,2.0,7,Chennai,14921000
1297,2,2,1,2.0,0,Chennai,6390000
1515,6,2,1,0.0,48,Delhi,6468000
2324,1,4,2,3.0,48,Bangalore,10010000
4969,1,1,2,3.0,23,Chennai,19628000
3636,1,4,4,0.0,46,Mumbai,20789000
2693,1,2,1,0.0,6,Kolkata,9112000
723,5,5,4,2.0,18,Delhi,6830000
4658,1,3,3,4.0,21,Bangalore,21887000
4425,5,4,1,2.0,34,Bangalore,19410000
4500,5,4,1,0.0,29,Pune,16900000
2133,1,1,3,3.0,28,Bangalore,9697000
2652,3,1,3,2.0,21,Chennai,11229000
1010,4,4,4,4.0,10,Kolkata,6789000
884,2,2,4,2.0,19,Chennai,5306000
904,5,3,3,1.0,28,Delhi,6047000
2500,6,1,4,2.0,50,Kolkata,8637000
3256,6,2,3,0.0,40,Delhi,15401000
2168,4,5,1,3.0,41,Bangalore,10467000
1960,6,1,1,3.0,33,Mumbai,12119000
4136,3,2,2,0.0,0,Hyderabad,16047000
3224,6,2,1,1.0,30,Kolkata,11146000
4678,2,3,3,0.0,29,Pune,16787000
2548,2,3,4,2.0,47,Hyderabad,9606000
4646,5,5,2,0.0,17,Bangalore,20600000
1216,1,2,4,0.0,16,Bangalore,5925000
2323,3,2,3,1.0,37,Hyderabad,8596000
2581,5,3,1,2.0,13,Pune,11276000
3919,3,1,2,4.0,22,Kolkata,14445000
2074,1,1,3,4.0,24,Kolkata,7565000
749,6,4,2,3.0,14,Hyderabad,5597000
1173,6,3,2,0.0,45,Delhi,5489000
2665,1,4,1,3.0,21,Chennai,11635000
1270,5,3,3,1.0,2,Mumbai,11923000
4462,1,5,4,4.0,18,Delhi,23256000
4863,4,2,2,0.0,43,Kolkata,14460000
2484,2,5,2,1.0,33,Chennai,10763000
1577,5,3,4,1.0,34,Mumbai,11532000
735,3,2,3,0.0,49,Mumbai,3405000
888,4,1,2,1.0,0,Mumbai,7976000
3537,5,1,2,0.0,20,Bangalore,15102000
2348,1,4,2,0.0,28,Mumbai,13784000
3314,1,3,3,2.0,5,Pune,14009000
3874,1,3,3,3.0,36,Hyderabad,15028000
3778,1,1,4,1.0,0,Kolkata,14205000
1752,3,5,3,1.0,50,Pune,7123000
4481,4,2,3,2.0,0,Hyderabad,18918000
2622,6,5,1,2.0,26,Delhi,13735000
2650,2,5,4,2.0,20,Delhi,14819000
1829,3,1,2,4.0,15,Hyderabad,8687000
1858,3,1,3,4.0,43,Pune,7288000
2982,6,1,2,4.0,39,Hyderabad,12327000
2517,6,4,2,0.0,25,Mumbai,16456000
1831,2,5,1,1.0,15,Bangalore,9089000
4844,2,3,3,3.0,27,Kolkata,16954000
4761,6,2,4,0.0,0,Delhi,24393000
1858,1,4,3,1.0,35,Kolkata,6441000
3677,3,3,2,1.0,9,Bangalore,17188000
2628,5,5,4,2.0,42,Mumbai,18030000
2680,2,1,3,2.0,16,Mumbai,17645000
637,2,5,2,0.0,22,Delhi,4259000
3972,6,2,2,2.0,6,Delhi,21098000
3332,4,4,1,1.0,43,Mumbai,19021000
4079,5,4,1,2.0,6,Chennai,17556000
3531,5,2,1,4.0,43,Kolkata,11840000
4664,2,3,2,2.0,14,Bangalore,20591000
3093,1,3,3,1.0,33,Kolkata,10565000
4800,4,4,1,0.0,45,Bangalore,19576000
4318,5,4,3,3.0,44,Chennai,18039000
4638,2,1,1,2.0,3,Pune,17747000
4323,5,3,4,1.0,13,Bangalore,20069000
4542,4,2,4,3.0,13,Kolkata,17155000
2406,4,3,1,,15,Hyderabad,10359000
1260,3,1,2,4.0,6,Mumbai,10927000
3945,6,4,1,3.0,31,Mumbai,25223000
1399,6,4,1,1.0,18,Chennai,6512000
4955,2,1,2,1.0,1,Bangalore,21329000
3447,4,2,4,2.0,9,Pune,15231000
2219,3,4,3,2.0,49,Bangalore,9627000
780,3,5,1,2.0,16,Mumbai,7399000
3766,5,4,2,3.0,36,Delhi,18907000
2387,5,5,1,3.0,11,Hyderabad,11390000
3766,3,1,2,4.0,5,Chennai,16590000
1166,5,1,3,2.0,21,Delhi,6794000
4688,4,4,3,0.0,31,Kolkata,15974000
1171,1,3,4,4.0,40,Pune,5888000
2469,4,5,2,0.0,19,Delhi,13101000
4656,3,2,2,3.0,0,Kolkata,16980000
3622,3,4,4,4.0,46,Delhi,18817000
4400,4,2,4,4.0,5,Pune,19399000
1023,5,4,2,1.0,18,Delhi,6784000
2893,5,3,4,3.0,17,Chennai,14144000
3617,6,3,3,3.0,5,Mumbai,25563000
3093,3,3,1,4.0,44,Bangalore,13803000
2468,2,3,3,3.0,32,Delhi,13241000
2253,6,1,4,4.0,22,Chennai,11517000
2796,5,1,2,1.0,22,Bangalore,13017000
2761,4,5,2,4.0,25,Kolkata,11473000
2786,5,2,3,3.0,12,Bangalore,14354000
4702,4,4,2,3.0,6,Kolkata,18339000
3378,6,4,4,4.0,14,Delhi,20275000
4643,3,1,3,4.0,43,Chennai,17991000
4144,5,4,2,4.0,26,Mumbai,27458000
4932,4,1,1,2.0,25,Delhi,22349000
2555,3,5,1,3.0,32,Kolkata,9794000
1776,2,2,4,3.0,14,Pune,8929000
3266,4,5,2,2.0,35,Bangalore,15213000
802,6,3,4,4.0,44,Delhi,6189000
1138,2,3,3,1.0,26,Kolkata,4487000
555,2,3,1,4.0,4,Bangalore,5382000
1025,1,5,3,4.0,1,Kolkata,6243000
4623,5,4,2,,32,Chennai,18567000
2625,4,2,4,3.0,15,Hyderabad,12352000
3787,2,3,4,4.0,22,Delhi,19755000
864,1,3,4,3.0,37,Mumbai,7818000
2146,6,3,3,0.0,15,Delhi,12005000
1418,3,2,1,3.0,13,Bangalore,7780000
3297,4,3,3,1.0,28,Chennai,13414000
2031,2,2,3,1.0,25,Kolkata,7483000
3845,5,3,2,4.0,34,Pune,15431000
2406,1,5,2,3.0,14,Mumbai,17401000
3586,2,5,2,4.0,2,Chennai,17016000
2575,5,2,1,2.0,22,Delhi,12433000
1213,2,5,1,1.0,28,Pune,4873000
1562,4,2,2,4.0,33,Chennai,7567000
2476,4,5,2,2.0,32,Hyderabad,10595000
1796,4,5,1,4.0,40,Mumbai,12977000
625,6,2,4,,40,Bangalore,4766000
4096,6,4,1,3.0,22,Chennai,17180000
3783,1,5,1,3.0,6,Chennai,16897000
2103,4,3,1,3.0,2,Hyderabad,10176000
566,5,4,2,0.0,31,Delhi,3747000
732,2,2,4,2.0,30,Kolkata,3733000
2656,3,4,1,2.0,17,Kolkata,9992000
1669,5,1,2,,42,Mumbai,10681000
2658,6,1,3,0.0,6,Mumbai,18015000
4706,6,5,3,3.0,40,Bangalore,21798000
1993,5,5,1,0.0,0,Chennai,9698000
4507,6,3,3,3.0,13,Pune,18937000
2972,4,4,4,1.0,31,Chennai,12810000
3160,1,1,3,1.0,5,Kolkata,11238000
3239,2,5,3,4.0,38,Bangalore,15840000
2261,1,4,4,3.0,9,Chennai,11377000
4014,2,5,1,2.0,6,Hyderabad,16213000
2475,2,5,1,4.0,25,Kolkata,10029000
2862,1,1,4,1.0,33,Chennai,11022000
1376,5,1,4,3.0,29,Chennai,7499000
4312,2,5,4,4.0,35,Kolkata,16183000
3948,1,2,3,3.0,20,Pune,15530000
1812,2,5,4,1.0,16,Kolkata,8039000
1960,3,5,2,4.0,32,Hyderabad,9619000
3209,5,3,3,1.0,9,Hyderabad,13738000
2824,4,3,1,0.0,50,Chennai,9915000
2233,2,3,1,1.0,46,Mumbai,11950000
2105,3,2,1,3.0,41,Pune,8221000
3063,4,2,3,2.0,50,Chennai,11689000
3921,4,5,2,1.0,11,Kolkata,14555000
4017,2,3,4,2.0,15,Chennai,17899000
2897,1,2,4,0.0,40,Bangalore,11853000
4235,2,1,1,4.0,31,Bangalore,18154000
3370,3,5,1,4.0,14,Mumbai,23518000
1660,4,4,3,2.0,26,Pune,7922000
742,2,5,2,4.0,27,Delhi,6628000
3090,1,4,4,1.0,16,Bangalore,14808000
1563,2,3,3,2.0,45,Delhi,7582000
4824,5,4,4,3.0,49,Hyderabad,18666000
3095,1,3,1,1.0,1,Bangalore,14284000
1419,3,1,4,1.0,35,Bangalore,6556000
505,4,4,2,1.0,49,Pune,2276000
967,2,5,2,3.0,6,Mumbai,10573000
4670,1,3,1,0.0,12,Delhi,21938000
503,5,5,2,4.0,14,Kolkata,4432000
1145,1,2,2,2.0,24,Bangalore,5896000
617,6,3,3,0.0,22,Bangalore,4302000
3428,5,4,4,2.0,21,Pune,14342000
3051,3,3,1,4.0,25,Pune,12966000
4789,4,5,1,3.0,32,Mumbai,29980000
1346,3,1,1,1.0,10,Delhi,7276000
3262,2,3,1,1.0,9,Hyderabad,12337000
1641,1,4,1,3.0,24,Kolkata,6527000
2310,6,2,2,0.0,36,Mumbai,13274000
1223,5,1,3,0.0,47,Hyderabad,4606000
724,5,2,1,2.0,42,Chennai,3430000
4708,1,3,3,3.0,37,Bangalore,20315000
2548,6,5,3,0.0,40,Delhi,12326000
4915,1,5,2,3.0,44,Mumbai,29525000
2073,2,4,1,4.0,23,Bangalore,11107000
2328,3,5,2,1.0,39,Delhi,10932000
2417,5,1,1,1.0,45,Delhi,9935000
4734,2,5,2,1.0,32,Delhi,21822000
2526,3,4,3,3.0,16,Bangalore,13638000
4244,2,3,1,3.0,23,Mumbai,26098000
1401,6,3,4,2.0,36,Kolkata,6158000
2539,5,5,3,1.0,1,Pune,12185000
509,1,2,4,2.0,31,Bangalore,3272000
760,1,3,3,1.0,23,Delhi,4420000
2173,3,5,2,2.0,8,Mumbai,16895000
2719,4,4,1,2.0,3,Kolkata,11239000
2560,6,5,3,4.0,16,Chennai,13579000
4213,3,3,2,2.0,16,Hyderabad,16689000
2119,4,4,1,3.0,49,Delhi,10705000
820,2,5,1,2.0,47,Chennai,3614000
1842,6,1,3,1.0,29,Pune,7487000
2876,2,4,1,2.0,39,Kolkata,9650000
3332,5,1,3,0.0,10,Kolkata,12149000
3324,6,2,1,1.0,20,Delhi,16056000
2494,4,4,4,0.0,20,Kolkata,9399000
3458,5,1,2,1.0,17,Chennai,14042000
2538,1,3,4,3.0,28,Delhi,13818000
3990,4,3,3,3.0,23,Bangalore,18971000
4177,3,2,4,3.0,9,Mumbai,28241000
1618,1,4,3,0.0,44,Chennai,5813000
2104,1,4,1,4.0,16,Mumbai,15703000
4527,3,4,1,1.0,17,Bangalore,19821000
735,6,2,3,3.0,41,Bangalore,4684000
2469,1,4,4,1.0,47,Mumbai,15033000
4929,4,3,1,0.0,19,Chennai,18835000
2408,5,1,2,4.0,36,Mumbai,15619000
875,1,3,1,0.0,44,Mumbai,3402000
4030,4,3,2,1.0,17,Hyderabad,15645000
3135,2,1,4,4.0,16,Chennai,14427000
2070,4,3,2,4.0,8,Hyderabad,10219000
3060,5,2,2,0.0,13,Delhi,14909000
3891,4,1,2,3.0,48,Kolkata,12393000
3465,3,3,2,1.0,28,Mumbai,21154000
4143,5,5,1,2.0,30,Delhi,20742000
4350,6,3,2,2.0,3,Chennai,19449000
1372,2,2,1,0.0,17,Mumbai,8460000
1752,3,4,2,1.0,19,Kolkata,7170000
1814,6,3,3,1.0,46,Delhi,8518000
3398,4,4,4,0.0,42,Pune,12847000
577,5,5,2,1.0,43,Bangalore,3423000
3121,2,3,3,3.0,8,Mumbai,22162000
4727,3,1,2,0.0,12,Kolkata,14940000
1100,6,4,2,3.0,14,Bangalore,8006000
1565,6,5,2,1.0,26,Hyderabad,7404000
2636,2,1,3,0.0,14,Delhi,12837000
2949,4,1,4,1.0,27,Hyderabad,11943000
2843,2,1,3,0.0,36,Kolkata,8570000
2363,6,1,4,1.0,18,Mumbai,16116000
1818,1,3,2,3.0,25,Bangalore,9186000
4097,3,3,1,3.0,25,Bangalore,18735000
4262,2,3,2,1.0,24,Delhi,19874000
2690,6,5,4,0.0,25,Mumbai,18304000
1492,4,5,3,2.0,25,Pune,7496000
3212,6,5,2,3.0,45,Pune,13218000
2692,4,2,3,3.0,27,Delhi,14319000
1748,2,5,3,2.0,48,Mumbai,11357000
3554,4,3,3,1.0,17,Delhi,17749000
4533,5,3,2,0.0,31,Mumbai,26267000
2497,5,2,3,1.0,2,Kolkata,10365000
4187,5,2,3,4.0,1,Kolkata,16315000
2651,1,5,2,3.0,32,Hyderabad,10922000
4518,2,4,3,4.0,41,Delhi,22087000
3610,6,2,2,3.0,18,Mumbai,23639000
2470,6,1,4,3.0,16,Pune,11259000
697,1,3,4,,43,Mumbai,7034000
3126,4,1,4,4.0,32,Kolkata,11534000
1702,1,3,3,1.0,11,Mumbai,12018000
2535,4,3,1,4.0,48,Delhi,12120000
977,4,2,1,1.0,2,Hyderabad,5107000
1754,3,2,3,1.0,42,Hyderabad,6970000
1422,6,1,1,1.0,48,Hyderabad,4634000
919,5,3,2,3.0,25,Hyderabad,5408000
2704,4,1,1,3.0,34,Kolkata,9057000
3097,3,4,3,4.0,7,Chennai,15183000
1620,6,1,3,3.0,35,Delhi,9489000
3568,5,5,2,4.0,6,Bangalore,18916000
1450,4,1,4,3.0,45,Delhi,8408000
2836,4,5,3,0.0,45,Chennai,11498000
2743,1,5,2,0.0,35,Hyderabad,10004000
3145,1,5,1,4.0,15,Chennai,14288000
2357,6,4,1,3.0,23,Pune,11022000
2365,5,1,2,3.0,0,Pune,11112000
3412,4,1,2,1.0,48,Kolkata,10821000
3353,6,4,3,2.0,24,Delhi,18320000
3728,6,3,1,4.0,9,Delhi,20190000
4219,2,2,2,2.0,15,Bangalore,18823000
3728,1,1,1,2.0,15,Kolkata,12731000
2871,5,2,2,4.0,7,Bangalore,15353000
3391,4,4,1,3.0,28,Pune,13899000
4256,6,3,4,4.0,38,Hyderabad,17303000
4725,4,3,3,2.0,27,Chennai,19079000
594,2,3,1,3.0,5,Bangalore,4941000
3174,5,4,4,0.0,15,Mumbai,21718000
2455,6,5,1,4.0,19,Bangalore,13247000
1293,4,5,1,4.0,15,Hyderabad,7981000
2334,1,2,4,3.0,6,Hyderabad,11144000
2616,2,5,1,0.0,40,Delhi,11796000
4606,5,5,1,0.0,13,Chennai,18495000
3825,2,3,3,3.0,42,Hyderabad,14666000
3419,1,3,4,1.0,25,Kolkata,12082000
3097,5,2,4,4.0,25,Bangalore,15893000
3705,2,1,2,4.0,13,Bangalore,17476000
1314,3,2,1,2.0,6,Pune,6310000
845,1,2,3,3.0,32,Hyderabad,4301000
2849,1,4,1,2.0,25,Mumbai,18013000
862,1,4,1,2.0,44,Delhi,3817000
2943,3,2,2,0.0,19,Chennai,11932000
2765,3,2,1,4.0,2,Mumbai,20145000
2688,4,2,3,2.0,3,Delhi,14850000
3505,6,5,3,0.0,25,Bangalore,16417000
3781,2,4,2,3.0,10,Mumbai,25639000
1484,4,2,1,2.0,1,Delhi,8877000
2139,2,3,3,4.0,13,Bangalore,12030000
1327,6,3,1,2.0,43,Bangalore,6259000
3230,3,5,1,3.0,29,Bangalore,15019000
4031,6,5,1,2.0,48,Bangalore,17501000
4951,3,1,2,4.0,11,Kolkata,17610000
3435,6,1,1,0.0,25,Bangalore,14543000
4376,4,1,3,4.0,43,Pune,16574000
626,5,5,1,0.0,32,Mumbai,5080000
3677,4,5,3,1.0,12,Delhi,18936000
3556,2,5,1,4.0,13,Pune,15271000
1103,4,3,3,4.0,23,Kolkata,6011000
3949,1,5,3,3.0,33,Pune,15788000
4646,2,3,1,,43,Hyderabad,16377000
4033,6,1,1,0.0,25,Hyderabad,14274000
3867,2,1,3,0.0,20,Hyderabad,14273000
3868,5,1,4,3.0,27,Chennai,16759000
4297,3,2,2,3.0,47,Hyderabad,15654000
2292,6,2,4,2.0,35,Delhi,12035000
3361,2,4,4,2.0,39,Pune,13757000
3976,6,4,1,4.0,1,Delhi,21869000
3917,6,4,2,1.0,41,Mumbai,23258000
2145,6,2,4,2.0,8,Hyderabad,10044000
1705,3,2,1,3.0,22,Kolkata,6710000
3530,4,4,4,2.0,14,Chennai,16037000
3372,6,4,4,0.0,12,Mumbai,23237000
3572,1,5,1,1.0,22,Kolkata,12404000
2354,5,4,1,4.0,16,Chennai,11800000
4521,3,5,1,0.0,47,Mumbai,25066000
3208,2,3,2,0.0,1,Pune,13110000
4002,3,2,4,1.0,19,Delhi,20094000
1832,2,4,1,4.0,19,Bangalore,10323000
701,3,2,3,3.0,45,Delhi,4232000
4007,2,2,4,4.0,2,Hyderabad,17730000
4712,6,2,3,2.0,11,Kolkata,17087000
1074,4,3,2,0.0,39,Bangalore,4271000
1036,2,1,1,2.0,1,Chennai,5268000
2125,2,4,3,3.0,35,Pune,9173000
2622,1,1,2,2.0,13,Pune,10418000
885,2,1,1,4.0,15,Chennai,5631000
3781,1,1,3,2.0,18,Hyderabad,14303000
974,5,2,3,3.0,33,Chennai,5869000
917,6,5,2,3.0,43,Mumbai,8280000
4100,1,2,1,3.0,45,Kolkata,12523000
1454,4,2,1,4.0,5,Kolkata,6951000
1705,6,1,3,3.0,12,Hyderabad,8972000
4620,1,2,3,0.0,35,Bangalore,18653000
2490,6,1,3,3.0,21,Chennai,11672000
4072,6,5,1,2.0,17,Hyderabad,17069000
4880,6,4,2,2.0,11,Kolkata,17637000
4658,5,1,2,2.0,29,Bangalore,19745000
3213,4,5,1,4.0,50,Chennai,12817000
2703,3,4,4,2.0,39,Pune,11375000
3620,3,3,2,4.0,6,Chennai,16731000
1466,1,1,3,4.0,31,Delhi,8476000
3932,6,1,4,3.0,47,Chennai,15661000
1188,1,3,4,0.0,18,Delhi,6409000
4743,5,3,2,3.0,5,Bangalore,22297000
4201,5,1,4,3.0,19,Chennai,17880000
841,2,3,4,4.0,26,Bangalore,6856000
2224,5,2,2,4.0,42,Bangalore,10996000
4922,2,4,2,2.0,36,Kolkata,16362000
2292,4,4,4,2.0,47,Hyderabad,9582000
2259,1,4,3,3.0,6,Bangalore,12350000
3712,4,2,1,1.0,4,Bangalore,16895000
1489,5,3,4,1.0,10,Kolkata,6791000
2762,4,5,4,2.0,14,Kolkata,11786000
2982,4,3,3,1.0,2,Chennai,13434000
1451,4,1,4,2.0,4,Kolkata,7175000
1222,5,4,4,4.0,22,Chennai,8122000
3889,6,3,1,3.0,36,Pune,14944000
2579,4,5,1,0.0,8,Kolkata,10138000
3217,2,1,1,3.0,14,Hyderabad,12724000
2832,5,2,2,2.0,2,Bangalore,14262000
3876,4,2,2,2.0,28,Hyderabad,14996000
2000,6,5,1,3.0,5,Delhi,12696000
785,5,1,1,2.0,16,Kolkata,3991000
3995,3,4,2,1.0,25,Bangalore,17569000
2565,6,3,3,1.0,20,Hyderabad,11178000
1268,2,1,4,2.0,7,Kolkata,5619000
3557,4,2,4,2.0,20,Kolkata,13089000
4789,3,5,1,1.0,10,Pune,18713000
2661,3,5,3,2.0,37,Pune,11306000
3793,5,3,2,2.0,7,Bangalore,18410000
1446,3,5,1,3.0,41,Delhi,7922000
3835,2,5,3,,23,Pune,14917000
4650,2,1,3,1.0,34,Pune,16909000
1981,1,4,3,3.0,13,Delhi,11948000
2401,2,3,2,0.0,13,Hyderabad,9391000
3951,6,1,2,2.0,9,Pune,15501000
4564,3,4,4,2.0,11,Chennai,19806000
554,2,1,4,3.0,37,Mumbai,4723000
2323,5,1,3,2.0,43,Mumbai,14204000
3962,1,5,3,4.0,45,Pune,15989000
3579,3,4,2,3.0,33,Hyderabad,13762000
1332,1,3,4,0.0,40,Kolkata,4774000
4908,3,3,3,3.0,9,Hyderabad,19990000
3306,5,4,4,1.0,16,Bangalore,16324000
2990,1,5,4,,16,Chennai,14097000
827,4,2,3,2.0,2,Hyderabad,5176000
3810,6,1,2,2.0,30,Delhi,17973000
3800,6,5,3,4.0,50,Chennai,17009000
4175,3,4,3,4.0,0,Mumbai,29426000
3554,4,1,4,4.0,11,Chennai,15977000
2643,1,3,3,0.0,38,Delhi,11711000
1811,4,2,2,4.0,3,Pune,9482000
3691,4,3,3,0.0,41,Delhi,16574000
3038,1,4,2,4.0,12,Delhi,16807000
4483,5,1,2,0.0,33,Pune,15967000
664,4,4,4,3.0,41,Pune,4332000
4777,4,1,1,3.0,20,Pune,18218000
1322,5,5,1,2.0,21,Pune,7038000
1443,4,2,4,0.0,3,Pune,6967000
4925,4,5,3,1.0,17,Delhi,23948000
1274,4,5,4,2.0,4,Bangalore,9516000
2698,6,4,2,3.0,18,Bangalore,14809000
3656,2,2,1,0.0,1,Hyderabad,13849000
4742,5,1,4,4.0,11,Bangalore,22938000
4195,4,1,3,1.0,16,Mumbai,25706000
3952,6,3,4,3.0,9,Bangalore,20496000
1414,5,1,1,2.0,33,Delhi,6936000
1808,3,4,4,0.0,5,Pune,8706000
4677,3,5,4,1.0,7,Pune,19582000
1013,4,5,1,0.0,50,Kolkata,2980000
2420,6,5,2,4.0,10,Kolkata,10812000
4094,6,2,2,2.0,11,Kolkata,15191000
1909,5,1,1,0.0,8,Delhi,9379000
3690,5,4,4,3.0,1,Mumbai,26988000
4991,6,2,1,2.0,7,Bangalore,23127000
2055,5,3,2,3.0,10,Delhi,12508000
1304,6,4,3,0.0,35,Hyderabad,5913000
1779,2,4,4,2.0,9,Pune,9129000
4077,6,4,2,3.0,20,Kolkata,15141000
3401,3,5,4,4.0,19,Chennai,16498000
1887,5,4,1,4.0,47,Hyderabad,8218000
3261,6,1,3,0.0,7,Kolkata,11669000
3179,6,4,1,2.0,35,Mumbai,20191000
2606,5,5,3,1.0,28,Hyderabad,11032000
4723,2,4,4,2.0,41,Delhi,22206000
3268,2,3,4,4.0,11,Bangalore,16711000
4453,5,3,1,3.0,13,Pune,18068000
3686,1,5,3,1.0,47,Mumbai,21482000
3780,5,1,3,0.0,49,Mumbai,21055000
3073,5,1,4,1.0,20,Chennai,13068000
3099,2,2,1,0.0,21,Hyderabad,10805000
4533,2,5,3,1.0,20,Chennai,18746000
736,5,4,4,0.0,43,Bangalore,3806000
1804,5,5,2,0.0,49,Kolkata,6017000
3930,5,2,1,1.0,29,Bangalore,16640000
1801,2,5,2,1.0,38,Kolkata,6478000
3041,5,5,1,0.0,19,Chennai,13019000
2551,5,2,4,4.0,23,Pune,12593000
941,4,1,3,1.0,22,Bangalore,5289000
2576,1,4,3,2.0,6,Chennai,12470000
3680,3,2,3,3.0,8,Hyderabad,16206000
3157,1,3,1,0.0,0,Chennai,12610000
4298,4,1,4,0.0,25,Chennai,16799000
1304,3,3,2,3.0,37,Delhi,7254000
574,5,1,4,4.0,37,Bangalore,4976000
2675,4,4,2,3.0,43,Pune,10895000
4424,5,4,1,1.0,21,Pune,16784000
2589,2,5,1,3.0,43,Delhi,12723000
540,6,3,2,0.0,9,Kolkata,3623000
2581,4,1,2,3.0,5,Mumbai,18008000
2122,2,4,2,2.0,16,Kolkata,8267000
841,4,2,4,1.0,50,Pune,3157000
4552,4,4,2,3.0,49,Chennai,18065000
2574,2,2,1,0.0,37,Delhi,10865000
1145,3,1,1,1.0,23,Hyderabad,3870000
4763,1,4,3,0.0,50,Bangalore,18965000
1109,5,4,2,4.0,9,Bangalore,8309000
954,4,1,4,2.0,7,Bangalore,7006000
3453,5,4,4,4.0,20,Chennai,16463000
2208,6,2,4,2.0,5,Hyderabad,10936000
3972,2,4,3,3.0,20,Delhi,20502000
3469,5,3,1,1.0,38,Delhi,16070000
3528,2,5,4,3.0,23,Bangalore,18065000
3181,5,2,1,2.0,32,Hyderabad,11760000
4129,1,3,3,2.0,17,Hyderabad,16048000
4725,1,1,2,2.0,27,Hyderabad,17203000
3567,1,2,2,0.0,31,Pune,12135000
1886,1,5,2,1.0,11,Pune,8739000
4276,1,5,4,3.0,47,Bangalore,19422000
3366,1,1,2,3.0,41,Hyderabad,11999000
3863,2,1,4,4.0,26,Mumbai,24930000
4624,4,2,3,2.0,9,Hyderabad,18510000
648,5,4,3,2.0,45,Delhi,4642000
4350,1,1,4,2.0,41,Delhi,19804000
2558,2,4,1,3.0,31,Bangalore,11348000
1636,2,3,2,4.0,41,Mumbai,11168000
686,2,5,2,0.0,25,Hyderabad,3325000
3354,4,4,2,1.0,24,Kolkata,11734000
1750,5,5,4,0.0,10,Mumbai,13484000
1833,4,4,3,3.0,22,Bangalore,10022000
4693,3,3,2,2.0,33,Delhi,21599000
4650,2,1,3,1.0,39,Kolkata,14704000
3211,3,3,2,3.0,22,Delhi,16452000
2285,6,1,2,3.0,28,Pune,9530000
1250,1,1,4,3.0,30,Bangalore,6898000
2262,1,5,1,1.0,6,Bangalore,11408000
4420,4,3,4,1.0,39,Hyderabad,16702000
4960,5,4,2,4.0,32,Hyderabad,19900000
981,3,3,2,4.0,20,Pune,5719000
653,5,5,1,0.0,1,Kolkata,3902000
2024,4,1,3,1.0,17,Chennai,8466000
2620,1,5,3,1.0,46,Mumbai,15617000
2843,5,2,2,1.0,32,Chennai,11495000
1740,5,2,3,4.0,36,Chennai,8970000
560,1,4,2,,33,Bangalore,3878000
1438,3,5,1,2.0,19,Mumbai,11288000
2139,1,4,1,4.0,34,Bangalore,9643000
4620,5,4,2,1.0,50,Mumbai,26564000
4726,3,2,1,4.0,49,Delhi,21368000
4069,3,4,4,0.0,17,Bangalore,18918000
1752,1,2,4,1.0,45,Bangalore,7409000
4703,5,1,1,0.0,23,Bangalore,19358000
671,4,5,2,1.0,7,Kolkata,4506000
1958,5,4,2,4.0,29,Pune,9509000
4049,2,2,1,3.0,43,Bangalore,17100000
4697,6,3,3,2.0,9,Hyderabad,18808000
2822,4,4,4,0.0,22,Hyderabad,11724000
2136,3,1,3,4.0,48,Mumbai,13908000
3615,4,1,2,3.0,10,Delhi,18093000
4590,3,3,2,4.0,1,Pune,19629000
3504,3,2,3,0.0,25,Kolkata,11500000
829,4,4,1,2.0,35,Mumbai,6470000
4140,3,2,3,4.0,32,Hyderabad,16305000
4394,3,1,3,1.0,46,Pune,15549000
4607,2,2,4,3.0,12,Pune,18712000
1841,5,1,4,4.0,39,Delhi,10822000
4163,5,2,3,3.0,24,Pune,16949000
715,6,3,3,1.0,3,Bangalore,5917000
838,6,5,2,2.0,41,Pune,4763000
4562,2,3,4,2.0,18,Delhi,22593000
3208,6,3,4,1.0,17,Mumbai,21957000
3652,4,5,2,3.0,36,Delhi,18438000
2250,1,5,1,4.0,29,Kolkata,9108000
2921,1,4,4,1.0,18,Delhi,15339000
1209,1,4,4,0.0,22,Hyderabad,5584000
4226,2,3,1,3.0,15,Bangalore,18994000
4142,2,3,4,2.0,0,Hyderabad,17230000
4493,3,1,4,1.0,11,Mumbai,28083000
988,1,1,1,2.0,23,Chennai,3961000
546,4,4,1,3.0,33,Mumbai,5172000
3859,6,4,3,2.0,7,Bangalore,18978000
900,4,1,2,1.0,17,Pune,4641000
4490,6,1,2,3.0,47,Delhi,20523000
3657,1,2,1,0.0,4,Chennai,14519000
4845,1,2,1,1.0,25,Bangalore,19671000
890,1,1,4,4.0,29,Hyderabad,5320000
4353,2,2,3,1.0,12,Delhi,21286000
4930,6,5,3,3.0,18,Mumbai,32906000
1128,2,4,1,1.0,28,Hyderabad,4191000
4732,2,4,4,0.0,2,Bangalore,21342000
3430,5,1,4,0.0,25,Bangalore,14840000
2021,4,3,2,4.0,39,Mumbai,14662000
1326,4,1,2,2.0,11,Chennai,6613000
2000,3,2,4,3.0,1,Mumbai,16524000
3794,2,3,2,3.0,10,Pune,16005000
2919,6,2,1,2.0,43,Hyderabad,10809000
1434,5,5,4,0.0,27,Chennai,7373000
3542,5,2,2,0.0,17,Delhi,17008000
4997,4,5,3,1.0,12,Kolkata,18162000
1966,2,5,4,4.0,36,Pune,9586000
4061,3,2,4,4.0,21,Chennai,17689000
1114,2,2,3,4.0,11,Kolkata,6053000
1682,1,5,1,1.0,1,Kolkata,7421000
3723,2,3,3,4.0,36,Hyderabad,15406000
3167,1,5,4,2.0,6,Bangalore,16420000
630,1,4,1,1.0,25,Delhi,3851000
3483,3,5,2,2.0,25,Mumbai,22732000
4778,6,3,2,1.0,23,Hyderabad,18316000
4959,4,4,2,4.0,11,Pune,20790000
538,2,1,4,2.0,15,Kolkata,3680000
4459,1,1,3,2.0,22,Pune,16495000
4087,2,3,1,2.0,39,Kolkata,12867000
1420,6,5,2,1.0,8,Bangalore,8791000
3269,4,2,1,3.0,31,Bangalore,14596000
4611,6,3,4,4.0,14,Delhi,25166000
992,4,4,2,2.0,36,Mumbai,7516000
1631,5,4,4,3.0,12,Delhi,11026000
4021,4,1,3,4.0,4,Bangalore,19703000
810,3,4,4,4.0,10,Bangalore,7582000
1238,6,3,4,2.0,9,Pune,7287000
3741,1,4,3,2.0,12,Bangalore,17525000
1045,5,3,1,1.0,40,Chennai,4477000
2961,3,2,3,3.0,45,Kolkata,10269000
4846,2,1,3,3.0,49,Hyderabad,17492000
2304,6,4,4,2.0,14,Bangalore,12945000
3712,1,3,1,4.0,41,Delhi,17245000
4310,4,5,2,2.0,6,Mumbai,28813000
1313,1,1,3,4.0,39,Kolkata,5291000
4624,2,2,1,4.0,27,Kolkata,15529000
2532,5,3,3,2.0,31,Mumbai,17480000
4913,5,2,3,0.0,34,Mumbai,28649000
744,6,2,3,3.0,14,Kolkata,4793000
771,5,4,3,4.0,47,Chennai,5279000
4011,6,4,4,4.0,35,Delhi,21760000
2271,6,3,1,0.0,20,Chennai,9366000
1762,6,5,1,1.0,5,Bangalore,10057000
2924,4,3,1,0.0,0,Hyderabad,12257000
4861,3,5,3,0.0,3,Mumbai,31695000
1420,6,2,4,4.0,10,Delhi,10907000
3930,6,1,3,3.0,43,Mumbai,23822000
4935,3,3,3,0.0,25,Chennai,19042000
4984,1,3,1,1.0,36,Pune,17682000
3124,6,5,3,2.0,22,Bangalore,15606000
4260,4,2,2,0.0,28,Hyderabad,15298000
2550,5,2,3,0.0,20,Bangalore,11774000
4000,5,5,2,1.0,47,Pune,14654000
1665,2,2,3,3.0,44,Hyderabad,7022000
875,2,4,4,0.0,44,Pune,3756000
2533,5,1,4,,48,Bangalore,10744000
645,5,3,1,3.0,26,Chennai,4487000
4888,4,1,3,,38,Kolkata,15553000
931,3,3,2,0.0,39,Bangalore,3932000
1204,2,4,2,3.0,12,Bangalore,8037000
3132,3,2,3,0.0,22,Bangalore,13855000
4994,4,5,2,2.0,15,Delhi,24873000
1463,5,4,4,4.0,29,Pune,8141000
2734,6,1,2,2.0,3,Pune,11699000
2541,3,5,1,0.0,39,Mumbai,15023000
2328,5,2,4,1.0,15,Pune,10479000
2608,5,4,4,4.0,30,Mumbai,19519000
4568,1,5,4,2.0,41,Delhi,21961000
1438,3,4,3,3.0,24,Chennai,7847000
1306,6,4,3,1.0,43,Mumbai,9094000
1963,3,2,4,2.0,11,Bangalore,10733000
3915,5,3,3,3.0,25,Chennai,17034000
510,6,5,2,0.0,36,Kolkata,3106000
2368,4,2,3,3.0,47,Delhi,11552000
1384,1,4,3,2.0,32,Pune,5827000
4064,5,2,4,2.0,27,Mumbai,25752000
1889,2,3,1,0.0,8,Bangalore,8519000
3901,2,5,1,3.0,11,Hyderabad,16102000
4821,1,3,1,3.0,4,Kolkata,16923000
1324,4,1,2,0.0,27,Hyderabad,5075000
2765,5,5,3,3.0,34,Chennai,12581000
1436,3,3,1,0.0,4,Pune,6351000
3300,1,4,4,1.0,33,Hyderabad,13315000
